{"Alaska": 570, "Alabama": 570, "Arkansas": 570, "Arizona": 570, "California": 570, "Colorado": 570, "Connecticut": 570, "District of Columbia": 570, "Delaware": 570, "Florida": 570, "Georgia": 570, "Hawaii": 570, "Iowa": 570, "Idaho": 570, "Illinois": 570, "Indiana": 570, "Kansas": 570, "Kentucky": 570, "Louisiana": 0, "Massachusetts": 570, "Maryland": 570, "Maine": 570, "Michigan": 570, "Minnesota": 570, "Missouri": 570, "Mississippi": 570, "Montana": 570, "North Carolina": 570, "North Dakota": 0, "Nebraska": 0, "New Hampshire": 570, "New Jersey": 570, "New Mexico": 570, "Nevada": 570, "New York": 570, "Ohio": 570, "Oklahoma": 570, "Oregon": 570, "Pennsylvania": 0, "Rhode Island": 570, "South Carolina": 570, "South Dakota": 570, "Tennessee": 570, "Texas": 570, "United States": 570, "Utah": 570, "Virginia": 570, "Vermont": 570, "Washington": 570, "Wisconsin": 570, "West Virginia": 570, "Wyoming": 570, "New York City": 570}