﻿date,name,value
1999,Opioides recetados,"3,442"
1999,Opioides sinteticos,730
1999,Heroina,"1,960"
1999,Estimulantes,"4,271"
1999,Cocaina,"3,822"
1999,Psicoestimulantes,547
1999,Benzodiacepinas,"1,135"
1999,Antidepresivos,"1,749"
2000,Opioides recetados,"3,785"
2000,Opioides sinteticos,782
2000,Heroina,"1,842"
2000,Estimulantes,"4,017"
2000,Cocaina,"3,544"
2000,Psicoestimulantes,578
2000,Benzodiacepinas,"1,298"
2000,Antidepresivos,"1,798"
2001,Opioides recetados,"4,770"
2001,Opioides sinteticos,957
2001,Heroina,"1,779"
2001,Estimulantes,"4,308"
2001,Cocaina,"3,833"
2001,Psicoestimulantes,563
2001,Benzodiacepinas,"1,594"
2001,Antidepresivos,"2,017"
2002,Opioides recetados,"6,483"
2002,Opioides sinteticos,"1,295"
2002,Heroina,"2,089"
2002,Estimulantes,"5,423"
2002,Cocaina,"4,599"
2002,Psicoestimulantes,941
2002,Benzodiacepinas,"2,022"
2002,Antidepresivos,"2,370"
2003,Opioides recetados,"7,461"
2003,Opioides sinteticos,"1,400"
2003,Heroina,"2,080"
2003,Estimulantes,"6,215"
2003,Cocaina,"5,199"
2003,Psicoestimulantes,"1,179"
2003,Benzodiacepinas,"2,248"
2003,Antidepresivos,"2,512"
2004,Opioides recetados,"8,577"
2004,Opioides sinteticos,"1,664"
2004,Heroina,"1,878"
2004,Estimulantes,"6,591"
2004,Cocaina,"5,443"
2004,Psicoestimulantes,"1,305"
2004,Benzodiacepinas,"2,627"
2004,Antidepresivos,"2,758"
2005,Opioides recetados,"9,612"
2005,Opioides sinteticos,"1,742"
2005,Heroina,"2,009"
2005,Estimulantes,"7,606"
2005,Cocaina,"6,208"
2005,Psicoestimulantes,"1,608"
2005,Benzodiacepinas,"3,084"
2005,Antidepresivos,"2,861"
2006,Opioides recetados,"11,589"
2006,Opioides sinteticos,"2,707"
2006,Heroina,"2,088"
2006,Estimulantes,"8,668"
2006,Cocaina,"7,448"
2006,Psicoestimulantes,"1,462"
2006,Benzodiacepinas,"3,835"
2006,Antidepresivos,"3,133"
2007,Opioides recetados,"12,796"
2007,Opioides sinteticos,"2,213"
2007,Heroina,"2,399"
2007,Estimulantes,"7,697"
2007,Cocaina,"6,512"
2007,Psicoestimulantes,"1,378"
2007,Benzodiacepinas,"4,500"
2007,Antidepresivos,"3,425"
2008,Opioides recetados,"13,149"
2008,Opioides sinteticos,"2,306"
2008,Heroina,"3,041"
2008,Estimulantes,"6,320"
2008,Cocaina,"5,129"
2008,Psicoestimulantes,"1,302"
2008,Benzodiacepinas,"5,010"
2008,Antidepresivos,"3,610"
2009,Opioides recetados,"13,523"
2009,Opioides sinteticos,"2,946"
2009,Heroina,"3,278"
2009,Estimulantes,"5,824"
2009,Cocaina,"4,350"
2009,Psicoestimulantes,"1,632"
2009,Benzodiacepinas,"5,567"
2009,Antidepresivos,"3,768"
2010,Opioides recetados,"14,583"
2010,Opioides sinteticos,"3,007"
2010,Heroina,"3,036"
2010,Estimulantes,"5,914"
2010,Cocaina,"4,183"
2010,Psicoestimulantes,"1,854"
2010,Benzodiacepinas,"6,497"
2010,Antidepresivos,"3,889"
2011,Opioides recetados,"15,140"
2011,Opioides sinteticos,"2,666"
2011,Heroina,"4,397"
2011,Estimulantes,"6,765"
2011,Cocaina,"4,681"
2011,Psicoestimulantes,"2,266"
2011,Benzodiacepinas,"6,872"
2011,Antidepresivos,"4,113"
2012,Opioides recetados,"14,240"
2012,Opioides sinteticos,"2,628"
2012,Heroina,"5,925"
2012,Estimulantes,"6,879"
2012,Cocaina,"4,404"
2012,Psicoestimulantes,"2,635"
2012,Benzodiacepinas,"6,524"
2012,Antidepresivos,"4,259"
2013,Opioides recetados,"14,145"
2013,Opioides sinteticos,"3,105"
2013,Heroina,"8,257"
2013,Estimulantes,"8,338"
2013,Cocaina,"4,944"
2013,Psicoestimulantes,"3,627"
2013,Benzodiacepinas,"6,973"
2013,Antidepresivos,"4,458"
2014,Opioides recetados,"14,838"
2014,Opioides sinteticos,"5,544"
2014,Heroina,"10,574"
2014,Estimulantes,"9,395"
2014,Cocaina,"5,415"
2014,Psicoestimulantes,"4,298"
2014,Benzodiacepinas,"7,945"
2014,Antidepresivos,"4,768"
2015,Opioides recetados,"15,281"
2015,Opioides sinteticos,"9,580"
2015,Heroina,"12,989"
2015,Estimulantes,"12,122"
2015,Cocaina,"6,784"
2015,Psicoestimulantes,"5,716"
2015,Benzodiacepinas,"8,791"
2015,Antidepresivos,"4,894"
2016,Opioides recetados,"17,087"
2016,Opioides sinteticos,"19,413"
2016,Heroina,"15,469"
2016,Estimulantes,"17,258"
2016,Cocaina,"10,375"
2016,Psicoestimulantes,"7,542"
2016,Benzodiacepinas,"10,684"
2016,Antidepresivos,"4,812"
2017,Opioides recetados,"17,029"
2017,Opioides sinteticos,"28,466"
2017,Heroina,"15,482"
2017,Estimulantes,"23,139"
2017,Cocaina,"13,942"
2017,Psicoestimulantes,"10,333"
2017,Benzodiacepinas,"11,537"
2017,Antidepresivos,"5,269"
2018,Opioides recetados,"14,975"
2018,Opioides sinteticos,"31,335"
2018,Heroina,"14,996"
2018,Estimulantes,"25,877"
2018,Cocaina,"14,666"
2018,Psicoestimulantes,"12,676"
2018,Benzodiacepinas,"10,724"
2018,Antidepresivos,"5,064"
2019,Opioides recetados,"14,139"
2019,Opioides sinteticos,"36,359"
2019,Heroina,"14,019"
2019,Estimulantes,"30,231"
2019,Cocaina,"15,883"
2019,Psicoestimulantes,"16,167"
2019,Benzodiacepinas,"9,711"
2019,Antidepresivos,"5,175"
2020,Opioides recetados,"16,416"
2020,Opioides sinteticos,"56,516"
2020,Heroina,"13,165"
2020,Estimulantes,"40,643"
2020,Cocaina,"19,447"
2020,Psicoestimulantes,"23,837"
2020,Benzodiacepinas,"12,290"
2020,Antidepresivos,"5,597"
2021,Opioides recetados,"16,706"
2021,Opioides sinteticos,"70,601"
2021,Heroina,"9,173"
2021,Estimulantes,"53,495"
2021,Cocaina,"24,486"
2021,Psicoestimulantes,"32,537"
2021,Benzodiacepinas,"12,499"
2021,Antidepresivos,"5,859"
